-- phpMyAdmin SQL Dump
-- version 5.2.0
-- https://www.phpmyadmin.net/
--
-- Hôte : 127.0.0.1:3306
-- Généré le : mar. 17 jan. 2023 à 15:21
-- Version du serveur : 5.7.40
-- Version de PHP : 8.0.26

SET SQL_MODE = "NO_AUTO_VALUE_ON_ZERO";
START TRANSACTION;
SET time_zone = "+00:00";


/*!40101 SET @OLD_CHARACTER_SET_CLIENT=@@CHARACTER_SET_CLIENT */;
/*!40101 SET @OLD_CHARACTER_SET_RESULTS=@@CHARACTER_SET_RESULTS */;
/*!40101 SET @OLD_COLLATION_CONNECTION=@@COLLATION_CONNECTION */;
/*!40101 SET NAMES utf8mb4 */;

--
-- Base de données : `seychelles`
--
CREATE DATABASE IF NOT EXISTS `seychelles` DEFAULT CHARACTER SET latin1 COLLATE latin1_swedish_ci;
USE `seychelles`;

-- --------------------------------------------------------

--
-- Structure de la table `hotel`
--

DROP TABLE IF EXISTS `hotel`;
CREATE TABLE IF NOT EXISTS `hotel` (
  `name` varchar(150) NOT NULL,
  `night_price` float DEFAULT NULL,
  `lunch_price` float DEFAULT NULL,
  PRIMARY KEY (`name`)
) ENGINE=InnoDB DEFAULT CHARSET=latin1;

--
-- Déchargement des données de la table `hotel`
--

INSERT INTO `hotel` (`name`, `night_price`, `lunch_price`) VALUES
('Hotel California Seychelles', 163, 15),
('Hotel1', 100, 20),
('Le Banyan Tree Seychelles', 700, 100),
('Le Coco de Mer Hotel', 300, 35),
('Le Constance Lemuria Resort', 120, 10),
('Le Domaine de la Réserve', 367, 25),
('Le Four Seasons Resort Seychelles', 1334, 200),
('Le Hilltop Boutique Hotel', 51, 5),
('Le Jardin des Palmes', 100, 10),
('Le Raffles Praslin Seychelles', 253, 30),
('Le Savoy Resort & Spa', 470, 20);

-- --------------------------------------------------------

--
-- Structure de la table `place`
--

DROP TABLE IF EXISTS `place`;
CREATE TABLE IF NOT EXISTS `place` (
  `name` varchar(150) NOT NULL,
  `comfort` float DEFAULT NULL,
  PRIMARY KEY (`name`)
) ENGINE=InnoDB DEFAULT CHARSET=latin1;

--
-- Déchargement des données de la table `place`
--

INSERT INTO `place` (`name`, `comfort`) VALUES
('Anse Source d\'Argent et La Digue', 1),
('Beau Vallon', 0.6),
('Hotel California Seychelles', 0.8),
('Hotel1', 0.3),
('Jardin botanique de Victoria', 0.8),
('Jardin du Roi', 0.6),
('Le Banyan Tree Seychelles', 1),
('Le Coco de Mer Hotel', 1),
('Le Constance Lemuria Resort', 0.6),
('Le Domaine de la Réserve', 0.8),
('Le Four Seasons Resort Seychelles', 1),
('Le Hilltop Boutique Hotel', 0.6),
('Le Jardin des Palmes', 0.6),
('Le Raffles Praslin Seychelles', 0.8),
('Le Savoy Resort & Spa', 0.6),
('Morne Seychellois', 0.8),
('Praslin', 1),
('Site1', 0.7),
('Vallée de Mai', 0.8),
('Victoria', 0.6);

-- --------------------------------------------------------

--
-- Structure de la table `site`
--

DROP TABLE IF EXISTS `site`;
CREATE TABLE IF NOT EXISTS `site` (
  `name` varchar(150) NOT NULL,
  `price` float DEFAULT NULL,
  `duration` float DEFAULT NULL,
  `category` enum('HISTORIC','LEISURE') DEFAULT NULL,
  PRIMARY KEY (`name`)
) ENGINE=InnoDB DEFAULT CHARSET=latin1;

--
-- Déchargement des données de la table `site`
--

INSERT INTO `site` (`name`, `price`, `duration`, `category`) VALUES
('Anse Source d\'Argent et La Digue', 30, 5, 'LEISURE'),
('Beau Vallon', 8, 2, 'LEISURE'),
('Jardin botanique de Victoria', 25, 1.5, 'LEISURE'),
('Jardin du Roi', 15, 2.5, 'LEISURE'),
('Morne Seychellois', 5, 2.5, 'LEISURE'),
('Praslin', 20, 4, 'LEISURE'),
('Site1', 10, 1, 'HISTORIC'),
('Vallée de Mai', 30, 3, 'HISTORIC'),
('Victoria', 10, 3, 'HISTORIC');

-- --------------------------------------------------------

--
-- Structure de la table `transport`
--

DROP TABLE IF EXISTS `transport`;
CREATE TABLE IF NOT EXISTS `transport` (
  `start_place` varchar(150) NOT NULL,
  `end_place` varchar(150) NOT NULL,
  `type` enum('WALK','BOAT','BUS') NOT NULL,
  `distance` float DEFAULT NULL,
  PRIMARY KEY (`start_place`,`end_place`,`type`),
  KEY `end_place` (`end_place`)
) ENGINE=InnoDB DEFAULT CHARSET=latin1;

--
-- Déchargement des données de la table `transport`
--

INSERT INTO `transport` (`start_place`, `end_place`, `type`, `distance`) VALUES
('Anse Source d\'Argent et La Digue', 'Beau Vallon', 'WALK', 23),
('Anse Source d\'Argent et La Digue', 'Beau Vallon', 'BOAT', 23),
('Anse Source d\'Argent et La Digue', 'Beau Vallon', 'BUS', 23),
('Anse Source d\'Argent et La Digue', 'Hotel California Seychelles', 'WALK', 26.6667),
('Anse Source d\'Argent et La Digue', 'Hotel California Seychelles', 'BOAT', 26.6667),
('Anse Source d\'Argent et La Digue', 'Hotel California Seychelles', 'BUS', 26.6667),
('Anse Source d\'Argent et La Digue', 'Jardin botanique de Victoria', 'WALK', 22.6667),
('Anse Source d\'Argent et La Digue', 'Jardin botanique de Victoria', 'BOAT', 22.6667),
('Anse Source d\'Argent et La Digue', 'Jardin botanique de Victoria', 'BUS', 22.6667),
('Anse Source d\'Argent et La Digue', 'Jardin du Roi', 'WALK', 25.6667),
('Anse Source d\'Argent et La Digue', 'Jardin du Roi', 'BOAT', 25.6667),
('Anse Source d\'Argent et La Digue', 'Jardin du Roi', 'BUS', 25.6667),
('Anse Source d\'Argent et La Digue', 'Le Banyan Tree Seychelles', 'WALK', 25),
('Anse Source d\'Argent et La Digue', 'Le Banyan Tree Seychelles', 'BOAT', 25),
('Anse Source d\'Argent et La Digue', 'Le Banyan Tree Seychelles', 'BUS', 25),
('Anse Source d\'Argent et La Digue', 'Le Coco de Mer Hotel', 'WALK', 20),
('Anse Source d\'Argent et La Digue', 'Le Coco de Mer Hotel', 'BOAT', 20),
('Anse Source d\'Argent et La Digue', 'Le Coco de Mer Hotel', 'BUS', 20),
('Anse Source d\'Argent et La Digue', 'Le Constance Lemuria Resort', 'WALK', 5),
('Anse Source d\'Argent et La Digue', 'Le Constance Lemuria Resort', 'BOAT', 5),
('Anse Source d\'Argent et La Digue', 'Le Constance Lemuria Resort', 'BUS', 5),
('Anse Source d\'Argent et La Digue', 'Le Domaine de la Réserve', 'WALK', 21.3333),
('Anse Source d\'Argent et La Digue', 'Le Domaine de la Réserve', 'BOAT', 21.3333),
('Anse Source d\'Argent et La Digue', 'Le Domaine de la Réserve', 'BUS', 21.3333),
('Anse Source d\'Argent et La Digue', 'Le Four Seasons Resort Seychelles', 'WALK', 1.66667),
('Anse Source d\'Argent et La Digue', 'Le Four Seasons Resort Seychelles', 'BOAT', 1.66667),
('Anse Source d\'Argent et La Digue', 'Le Four Seasons Resort Seychelles', 'BUS', 1.66667),
('Anse Source d\'Argent et La Digue', 'Le Hilltop Boutique Hotel', 'WALK', 10.6667),
('Anse Source d\'Argent et La Digue', 'Le Hilltop Boutique Hotel', 'BOAT', 10.6667),
('Anse Source d\'Argent et La Digue', 'Le Hilltop Boutique Hotel', 'BUS', 10.6667),
('Anse Source d\'Argent et La Digue', 'Le Jardin des Palmes', 'WALK', 17.6667),
('Anse Source d\'Argent et La Digue', 'Le Jardin des Palmes', 'BOAT', 17.6667),
('Anse Source d\'Argent et La Digue', 'Le Jardin des Palmes', 'BUS', 17.6667),
('Anse Source d\'Argent et La Digue', 'Le Raffles Praslin Seychelles', 'WALK', 4),
('Anse Source d\'Argent et La Digue', 'Le Raffles Praslin Seychelles', 'BOAT', 4),
('Anse Source d\'Argent et La Digue', 'Le Raffles Praslin Seychelles', 'BUS', 4),
('Anse Source d\'Argent et La Digue', 'Le Savoy Resort & Spa', 'WALK', 8.33333),
('Anse Source d\'Argent et La Digue', 'Le Savoy Resort & Spa', 'BOAT', 8.33333),
('Anse Source d\'Argent et La Digue', 'Le Savoy Resort & Spa', 'BUS', 8.33333),
('Anse Source d\'Argent et La Digue', 'Morne Seychellois', 'WALK', 24.6667),
('Anse Source d\'Argent et La Digue', 'Morne Seychellois', 'BOAT', 24.6667),
('Anse Source d\'Argent et La Digue', 'Morne Seychellois', 'BUS', 24.6667),
('Anse Source d\'Argent et La Digue', 'Praslin', 'WALK', 4.66667),
('Anse Source d\'Argent et La Digue', 'Praslin', 'BOAT', 4.66667),
('Anse Source d\'Argent et La Digue', 'Praslin', 'BUS', 4.66667),
('Anse Source d\'Argent et La Digue', 'Vallée de Mai', 'WALK', 6.33333),
('Anse Source d\'Argent et La Digue', 'Vallée de Mai', 'BOAT', 6.33333),
('Anse Source d\'Argent et La Digue', 'Vallée de Mai', 'BUS', 6.33333),
('Anse Source d\'Argent et La Digue', 'Victoria', 'WALK', 22.3333),
('Anse Source d\'Argent et La Digue', 'Victoria', 'BOAT', 22.3333),
('Anse Source d\'Argent et La Digue', 'Victoria', 'BUS', 22.3333),
('Beau Vallon', 'Anse Source d\'Argent et La Digue', 'WALK', 23),
('Beau Vallon', 'Anse Source d\'Argent et La Digue', 'BOAT', 23),
('Beau Vallon', 'Anse Source d\'Argent et La Digue', 'BUS', 23),
('Beau Vallon', 'Hotel California Seychelles', 'WALK', 9.66667),
('Beau Vallon', 'Hotel California Seychelles', 'BOAT', 9.66667),
('Beau Vallon', 'Hotel California Seychelles', 'BUS', 9.66667),
('Beau Vallon', 'Jardin botanique de Victoria', 'WALK', 2.33333),
('Beau Vallon', 'Jardin botanique de Victoria', 'BOAT', 2.33333),
('Beau Vallon', 'Jardin botanique de Victoria', 'BUS', 2.33333),
('Beau Vallon', 'Jardin du Roi', 'WALK', 8),
('Beau Vallon', 'Jardin du Roi', 'BOAT', 8),
('Beau Vallon', 'Jardin du Roi', 'BUS', 8),
('Beau Vallon', 'Le Banyan Tree Seychelles', 'WALK', 34.6667),
('Beau Vallon', 'Le Banyan Tree Seychelles', 'BOAT', 34.6667),
('Beau Vallon', 'Le Banyan Tree Seychelles', 'BUS', 34.6667),
('Beau Vallon', 'Le Coco de Mer Hotel', 'WALK', 13.6667),
('Beau Vallon', 'Le Coco de Mer Hotel', 'BOAT', 13.6667),
('Beau Vallon', 'Le Coco de Mer Hotel', 'BUS', 13.6667),
('Beau Vallon', 'Le Constance Lemuria Resort', 'WALK', 21.3333),
('Beau Vallon', 'Le Constance Lemuria Resort', 'BOAT', 21.3333),
('Beau Vallon', 'Le Constance Lemuria Resort', 'BUS', 21.3333),
('Beau Vallon', 'Le Domaine de la Réserve', 'WALK', 1.66667),
('Beau Vallon', 'Le Domaine de la Réserve', 'BOAT', 1.66667),
('Beau Vallon', 'Le Domaine de la Réserve', 'BUS', 1.66667),
('Beau Vallon', 'Le Four Seasons Resort Seychelles', 'WALK', 24.6667),
('Beau Vallon', 'Le Four Seasons Resort Seychelles', 'BOAT', 24.6667),
('Beau Vallon', 'Le Four Seasons Resort Seychelles', 'BUS', 24.6667),
('Beau Vallon', 'Le Hilltop Boutique Hotel', 'WALK', 19),
('Beau Vallon', 'Le Hilltop Boutique Hotel', 'BOAT', 19),
('Beau Vallon', 'Le Hilltop Boutique Hotel', 'BUS', 19),
('Beau Vallon', 'Le Jardin des Palmes', 'WALK', 5.33333),
('Beau Vallon', 'Le Jardin des Palmes', 'BOAT', 5.33333),
('Beau Vallon', 'Le Jardin des Palmes', 'BUS', 5.33333),
('Beau Vallon', 'Le Raffles Praslin Seychelles', 'WALK', 19),
('Beau Vallon', 'Le Raffles Praslin Seychelles', 'BOAT', 19),
('Beau Vallon', 'Le Raffles Praslin Seychelles', 'BUS', 19),
('Beau Vallon', 'Le Savoy Resort & Spa', 'WALK', 21.3333),
('Beau Vallon', 'Le Savoy Resort & Spa', 'BOAT', 21.3333),
('Beau Vallon', 'Le Savoy Resort & Spa', 'BUS', 21.3333),
('Beau Vallon', 'Morne Seychellois', 'WALK', 1.66667),
('Beau Vallon', 'Morne Seychellois', 'BOAT', 1.66667),
('Beau Vallon', 'Morne Seychellois', 'BUS', 1.66667),
('Beau Vallon', 'Praslin', 'WALK', 21),
('Beau Vallon', 'Praslin', 'BOAT', 21),
('Beau Vallon', 'Praslin', 'BUS', 21),
('Beau Vallon', 'Vallée de Mai', 'WALK', 21.3333),
('Beau Vallon', 'Vallée de Mai', 'BOAT', 21.3333),
('Beau Vallon', 'Vallée de Mai', 'BUS', 21.3333),
('Beau Vallon', 'Victoria', 'WALK', 2),
('Beau Vallon', 'Victoria', 'BOAT', 2),
('Beau Vallon', 'Victoria', 'BUS', 2),
('Hotel California Seychelles', 'Anse Source d\'Argent et La Digue', 'WALK', 26.6667),
('Hotel California Seychelles', 'Anse Source d\'Argent et La Digue', 'BOAT', 26.6667),
('Hotel California Seychelles', 'Anse Source d\'Argent et La Digue', 'BUS', 26.6667),
('Hotel California Seychelles', 'Beau Vallon', 'WALK', 9.66667),
('Hotel California Seychelles', 'Beau Vallon', 'BOAT', 9.66667),
('Hotel California Seychelles', 'Beau Vallon', 'BUS', 9.66667),
('Hotel California Seychelles', 'Jardin botanique de Victoria', 'WALK', 7.33333),
('Hotel California Seychelles', 'Jardin botanique de Victoria', 'BOAT', 7.33333),
('Hotel California Seychelles', 'Jardin botanique de Victoria', 'BUS', 7.33333),
('Hotel California Seychelles', 'Jardin du Roi', 'WALK', 1.66667),
('Hotel California Seychelles', 'Jardin du Roi', 'BOAT', 1.66667),
('Hotel California Seychelles', 'Jardin du Roi', 'BUS', 1.66667),
('Hotel California Seychelles', 'Le Banyan Tree Seychelles', 'WALK', 38.3333),
('Hotel California Seychelles', 'Le Banyan Tree Seychelles', 'BOAT', 38.3333),
('Hotel California Seychelles', 'Le Banyan Tree Seychelles', 'BUS', 38.3333),
('Hotel California Seychelles', 'Le Coco de Mer Hotel', 'WALK', 23.3333),
('Hotel California Seychelles', 'Le Coco de Mer Hotel', 'BOAT', 23.3333),
('Hotel California Seychelles', 'Le Coco de Mer Hotel', 'BUS', 23.3333),
('Hotel California Seychelles', 'Le Constance Lemuria Resort', 'WALK', 25),
('Hotel California Seychelles', 'Le Constance Lemuria Resort', 'BOAT', 25),
('Hotel California Seychelles', 'Le Constance Lemuria Resort', 'BUS', 25),
('Hotel California Seychelles', 'Le Domaine de la Réserve', 'WALK', 8),
('Hotel California Seychelles', 'Le Domaine de la Réserve', 'BOAT', 8),
('Hotel California Seychelles', 'Le Domaine de la Réserve', 'BUS', 8),
('Hotel California Seychelles', 'Le Four Seasons Resort Seychelles', 'WALK', 28.3333),
('Hotel California Seychelles', 'Le Four Seasons Resort Seychelles', 'BOAT', 28.3333),
('Hotel California Seychelles', 'Le Four Seasons Resort Seychelles', 'BUS', 28.3333),
('Hotel California Seychelles', 'Le Hilltop Boutique Hotel', 'WALK', 22.6667),
('Hotel California Seychelles', 'Le Hilltop Boutique Hotel', 'BOAT', 22.6667),
('Hotel California Seychelles', 'Le Hilltop Boutique Hotel', 'BUS', 22.6667),
('Hotel California Seychelles', 'Le Jardin des Palmes', 'WALK', 9),
('Hotel California Seychelles', 'Le Jardin des Palmes', 'BOAT', 9),
('Hotel California Seychelles', 'Le Jardin des Palmes', 'BUS', 9),
('Hotel California Seychelles', 'Le Raffles Praslin Seychelles', 'WALK', 22.6667),
('Hotel California Seychelles', 'Le Raffles Praslin Seychelles', 'BOAT', 22.6667),
('Hotel California Seychelles', 'Le Raffles Praslin Seychelles', 'BUS', 22.6667),
('Hotel California Seychelles', 'Le Savoy Resort & Spa', 'WALK', 25),
('Hotel California Seychelles', 'Le Savoy Resort & Spa', 'BOAT', 25),
('Hotel California Seychelles', 'Le Savoy Resort & Spa', 'BUS', 25),
('Hotel California Seychelles', 'Morne Seychellois', 'WALK', 8),
('Hotel California Seychelles', 'Morne Seychellois', 'BOAT', 8),
('Hotel California Seychelles', 'Morne Seychellois', 'BUS', 8),
('Hotel California Seychelles', 'Praslin', 'WALK', 24.6667),
('Hotel California Seychelles', 'Praslin', 'BOAT', 24.6667),
('Hotel California Seychelles', 'Praslin', 'BUS', 24.6667),
('Hotel California Seychelles', 'Vallée de Mai', 'WALK', 25),
('Hotel California Seychelles', 'Vallée de Mai', 'BOAT', 25),
('Hotel California Seychelles', 'Vallée de Mai', 'BUS', 25),
('Hotel California Seychelles', 'Victoria', 'WALK', 7.66667),
('Hotel California Seychelles', 'Victoria', 'BOAT', 7.66667),
('Hotel California Seychelles', 'Victoria', 'BUS', 7.66667),
('Hotel1', 'Site1', 'WALK', 10),
('Jardin botanique de Victoria', 'Anse Source d\'Argent et La Digue', 'WALK', 22.6667),
('Jardin botanique de Victoria', 'Anse Source d\'Argent et La Digue', 'BOAT', 22.6667),
('Jardin botanique de Victoria', 'Anse Source d\'Argent et La Digue', 'BUS', 22.6667),
('Jardin botanique de Victoria', 'Beau Vallon', 'WALK', 2.33333),
('Jardin botanique de Victoria', 'Beau Vallon', 'BOAT', 2.33333),
('Jardin botanique de Victoria', 'Beau Vallon', 'BUS', 2.33333),
('Jardin botanique de Victoria', 'Hotel California Seychelles', 'WALK', 7.33333),
('Jardin botanique de Victoria', 'Hotel California Seychelles', 'BOAT', 7.33333),
('Jardin botanique de Victoria', 'Hotel California Seychelles', 'BUS', 7.33333),
('Jardin botanique de Victoria', 'Jardin du Roi', 'WALK', 5.66667),
('Jardin botanique de Victoria', 'Jardin du Roi', 'BOAT', 5.66667),
('Jardin botanique de Victoria', 'Jardin du Roi', 'BUS', 5.66667),
('Jardin botanique de Victoria', 'Le Banyan Tree Seychelles', 'WALK', 34.3333),
('Jardin botanique de Victoria', 'Le Banyan Tree Seychelles', 'BOAT', 34.3333),
('Jardin botanique de Victoria', 'Le Banyan Tree Seychelles', 'BUS', 34.3333),
('Jardin botanique de Victoria', 'Le Coco de Mer Hotel', 'WALK', 16),
('Jardin botanique de Victoria', 'Le Coco de Mer Hotel', 'BOAT', 16),
('Jardin botanique de Victoria', 'Le Coco de Mer Hotel', 'BUS', 16),
('Jardin botanique de Victoria', 'Le Constance Lemuria Resort', 'WALK', 21),
('Jardin botanique de Victoria', 'Le Constance Lemuria Resort', 'BOAT', 21),
('Jardin botanique de Victoria', 'Le Constance Lemuria Resort', 'BUS', 21),
('Jardin botanique de Victoria', 'Le Domaine de la Réserve', 'WALK', 1.33333),
('Jardin botanique de Victoria', 'Le Domaine de la Réserve', 'BOAT', 1.33333),
('Jardin botanique de Victoria', 'Le Domaine de la Réserve', 'BUS', 1.33333),
('Jardin botanique de Victoria', 'Le Four Seasons Resort Seychelles', 'WALK', 24.3333),
('Jardin botanique de Victoria', 'Le Four Seasons Resort Seychelles', 'BOAT', 24.3333),
('Jardin botanique de Victoria', 'Le Four Seasons Resort Seychelles', 'BUS', 24.3333),
('Jardin botanique de Victoria', 'Le Hilltop Boutique Hotel', 'WALK', 18.6667),
('Jardin botanique de Victoria', 'Le Hilltop Boutique Hotel', 'BOAT', 18.6667),
('Jardin botanique de Victoria', 'Le Hilltop Boutique Hotel', 'BUS', 18.6667),
('Jardin botanique de Victoria', 'Le Jardin des Palmes', 'WALK', 5),
('Jardin botanique de Victoria', 'Le Jardin des Palmes', 'BOAT', 5),
('Jardin botanique de Victoria', 'Le Jardin des Palmes', 'BUS', 5),
('Jardin botanique de Victoria', 'Le Raffles Praslin Seychelles', 'WALK', 18.6667),
('Jardin botanique de Victoria', 'Le Raffles Praslin Seychelles', 'BOAT', 18.6667),
('Jardin botanique de Victoria', 'Le Raffles Praslin Seychelles', 'BUS', 18.6667),
('Jardin botanique de Victoria', 'Le Savoy Resort & Spa', 'WALK', 21),
('Jardin botanique de Victoria', 'Le Savoy Resort & Spa', 'BOAT', 21),
('Jardin botanique de Victoria', 'Le Savoy Resort & Spa', 'BUS', 21),
('Jardin botanique de Victoria', 'Morne Seychellois', 'WALK', 2),
('Jardin botanique de Victoria', 'Morne Seychellois', 'BOAT', 2),
('Jardin botanique de Victoria', 'Morne Seychellois', 'BUS', 2),
('Jardin botanique de Victoria', 'Praslin', 'WALK', 20.6667),
('Jardin botanique de Victoria', 'Praslin', 'BOAT', 20.6667),
('Jardin botanique de Victoria', 'Praslin', 'BUS', 20.6667),
('Jardin botanique de Victoria', 'Vallée de Mai', 'WALK', 21),
('Jardin botanique de Victoria', 'Vallée de Mai', 'BOAT', 21),
('Jardin botanique de Victoria', 'Vallée de Mai', 'BUS', 21),
('Jardin botanique de Victoria', 'Victoria', 'WALK', 0.333333),
('Jardin botanique de Victoria', 'Victoria', 'BOAT', 0.333333),
('Jardin botanique de Victoria', 'Victoria', 'BUS', 0.333333),
('Jardin du Roi', 'Anse Source d\'Argent et La Digue', 'WALK', 25.6667),
('Jardin du Roi', 'Anse Source d\'Argent et La Digue', 'BOAT', 25.6667),
('Jardin du Roi', 'Anse Source d\'Argent et La Digue', 'BUS', 25.6667),
('Jardin du Roi', 'Beau Vallon', 'WALK', 8),
('Jardin du Roi', 'Beau Vallon', 'BOAT', 8),
('Jardin du Roi', 'Beau Vallon', 'BUS', 8),
('Jardin du Roi', 'Hotel California Seychelles', 'WALK', 1.66667),
('Jardin du Roi', 'Hotel California Seychelles', 'BOAT', 1.66667),
('Jardin du Roi', 'Hotel California Seychelles', 'BUS', 1.66667),
('Jardin du Roi', 'Jardin botanique de Victoria', 'WALK', 5.66667),
('Jardin du Roi', 'Jardin botanique de Victoria', 'BOAT', 5.66667),
('Jardin du Roi', 'Jardin botanique de Victoria', 'BUS', 5.66667),
('Jardin du Roi', 'Le Banyan Tree Seychelles', 'WALK', 37.3333),
('Jardin du Roi', 'Le Banyan Tree Seychelles', 'BOAT', 37.3333),
('Jardin du Roi', 'Le Banyan Tree Seychelles', 'BUS', 37.3333),
('Jardin du Roi', 'Le Coco de Mer Hotel', 'WALK', 21.6667),
('Jardin du Roi', 'Le Coco de Mer Hotel', 'BOAT', 21.6667),
('Jardin du Roi', 'Le Coco de Mer Hotel', 'BUS', 21.6667),
('Jardin du Roi', 'Le Constance Lemuria Resort', 'WALK', 24),
('Jardin du Roi', 'Le Constance Lemuria Resort', 'BOAT', 24),
('Jardin du Roi', 'Le Constance Lemuria Resort', 'BUS', 24),
('Jardin du Roi', 'Le Domaine de la Réserve', 'WALK', 6.33333),
('Jardin du Roi', 'Le Domaine de la Réserve', 'BOAT', 6.33333),
('Jardin du Roi', 'Le Domaine de la Réserve', 'BUS', 6.33333),
('Jardin du Roi', 'Le Four Seasons Resort Seychelles', 'WALK', 27.3333),
('Jardin du Roi', 'Le Four Seasons Resort Seychelles', 'BOAT', 27.3333),
('Jardin du Roi', 'Le Four Seasons Resort Seychelles', 'BUS', 27.3333),
('Jardin du Roi', 'Le Hilltop Boutique Hotel', 'WALK', 21.6667),
('Jardin du Roi', 'Le Hilltop Boutique Hotel', 'BOAT', 21.6667),
('Jardin du Roi', 'Le Hilltop Boutique Hotel', 'BUS', 21.6667),
('Jardin du Roi', 'Le Jardin des Palmes', 'WALK', 8),
('Jardin du Roi', 'Le Jardin des Palmes', 'BOAT', 8),
('Jardin du Roi', 'Le Jardin des Palmes', 'BUS', 8),
('Jardin du Roi', 'Le Raffles Praslin Seychelles', 'WALK', 21.6667),
('Jardin du Roi', 'Le Raffles Praslin Seychelles', 'BOAT', 21.6667),
('Jardin du Roi', 'Le Raffles Praslin Seychelles', 'BUS', 21.6667),
('Jardin du Roi', 'Le Savoy Resort & Spa', 'WALK', 24),
('Jardin du Roi', 'Le Savoy Resort & Spa', 'BOAT', 24),
('Jardin du Roi', 'Le Savoy Resort & Spa', 'BUS', 24),
('Jardin du Roi', 'Morne Seychellois', 'WALK', 6.33333),
('Jardin du Roi', 'Morne Seychellois', 'BOAT', 6.33333),
('Jardin du Roi', 'Morne Seychellois', 'BUS', 6.33333),
('Jardin du Roi', 'Praslin', 'WALK', 23.6667),
('Jardin du Roi', 'Praslin', 'BOAT', 23.6667),
('Jardin du Roi', 'Praslin', 'BUS', 23.6667),
('Jardin du Roi', 'Vallée de Mai', 'WALK', 24),
('Jardin du Roi', 'Vallée de Mai', 'BOAT', 24),
('Jardin du Roi', 'Vallée de Mai', 'BUS', 24),
('Jardin du Roi', 'Victoria', 'WALK', 6),
('Jardin du Roi', 'Victoria', 'BOAT', 6),
('Jardin du Roi', 'Victoria', 'BUS', 6),
('Le Banyan Tree Seychelles', 'Anse Source d\'Argent et La Digue', 'WALK', 25),
('Le Banyan Tree Seychelles', 'Anse Source d\'Argent et La Digue', 'BOAT', 25),
('Le Banyan Tree Seychelles', 'Anse Source d\'Argent et La Digue', 'BUS', 25),
('Le Banyan Tree Seychelles', 'Beau Vallon', 'WALK', 34.6667),
('Le Banyan Tree Seychelles', 'Beau Vallon', 'BOAT', 34.6667),
('Le Banyan Tree Seychelles', 'Beau Vallon', 'BUS', 34.6667),
('Le Banyan Tree Seychelles', 'Hotel California Seychelles', 'WALK', 38.3333),
('Le Banyan Tree Seychelles', 'Hotel California Seychelles', 'BOAT', 38.3333),
('Le Banyan Tree Seychelles', 'Hotel California Seychelles', 'BUS', 38.3333),
('Le Banyan Tree Seychelles', 'Jardin botanique de Victoria', 'WALK', 34.3333),
('Le Banyan Tree Seychelles', 'Jardin botanique de Victoria', 'BOAT', 34.3333),
('Le Banyan Tree Seychelles', 'Jardin botanique de Victoria', 'BUS', 34.3333),
('Le Banyan Tree Seychelles', 'Jardin du Roi', 'WALK', 37.3333),
('Le Banyan Tree Seychelles', 'Jardin du Roi', 'BOAT', 37.3333),
('Le Banyan Tree Seychelles', 'Jardin du Roi', 'BUS', 37.3333),
('Le Banyan Tree Seychelles', 'Le Coco de Mer Hotel', 'WALK', 31.6667),
('Le Banyan Tree Seychelles', 'Le Coco de Mer Hotel', 'BOAT', 31.6667),
('Le Banyan Tree Seychelles', 'Le Coco de Mer Hotel', 'BUS', 31.6667),
('Le Banyan Tree Seychelles', 'Le Constance Lemuria Resort', 'WALK', 20),
('Le Banyan Tree Seychelles', 'Le Constance Lemuria Resort', 'BOAT', 20),
('Le Banyan Tree Seychelles', 'Le Constance Lemuria Resort', 'BUS', 20),
('Le Banyan Tree Seychelles', 'Le Domaine de la Réserve', 'WALK', 33),
('Le Banyan Tree Seychelles', 'Le Domaine de la Réserve', 'BOAT', 33),
('Le Banyan Tree Seychelles', 'Le Domaine de la Réserve', 'BUS', 33),
('Le Banyan Tree Seychelles', 'Le Four Seasons Resort Seychelles', 'WALK', 23.3333),
('Le Banyan Tree Seychelles', 'Le Four Seasons Resort Seychelles', 'BOAT', 23.3333),
('Le Banyan Tree Seychelles', 'Le Four Seasons Resort Seychelles', 'BUS', 23.3333),
('Le Banyan Tree Seychelles', 'Le Hilltop Boutique Hotel', 'WALK', 35.6667),
('Le Banyan Tree Seychelles', 'Le Hilltop Boutique Hotel', 'BOAT', 35.6667),
('Le Banyan Tree Seychelles', 'Le Hilltop Boutique Hotel', 'BUS', 35.6667),
('Le Banyan Tree Seychelles', 'Le Jardin des Palmes', 'WALK', 29.3333),
('Le Banyan Tree Seychelles', 'Le Jardin des Palmes', 'BOAT', 29.3333),
('Le Banyan Tree Seychelles', 'Le Jardin des Palmes', 'BUS', 29.3333),
('Le Banyan Tree Seychelles', 'Le Raffles Praslin Seychelles', 'WALK', 21),
('Le Banyan Tree Seychelles', 'Le Raffles Praslin Seychelles', 'BOAT', 21),
('Le Banyan Tree Seychelles', 'Le Raffles Praslin Seychelles', 'BUS', 21),
('Le Banyan Tree Seychelles', 'Le Savoy Resort & Spa', 'WALK', 16.6667),
('Le Banyan Tree Seychelles', 'Le Savoy Resort & Spa', 'BOAT', 16.6667),
('Le Banyan Tree Seychelles', 'Le Savoy Resort & Spa', 'BUS', 16.6667),
('Le Banyan Tree Seychelles', 'Morne Seychellois', 'WALK', 36.3333),
('Le Banyan Tree Seychelles', 'Morne Seychellois', 'BOAT', 36.3333),
('Le Banyan Tree Seychelles', 'Morne Seychellois', 'BUS', 36.3333),
('Le Banyan Tree Seychelles', 'Praslin', 'WALK', 20.3333),
('Le Banyan Tree Seychelles', 'Praslin', 'BOAT', 20.3333),
('Le Banyan Tree Seychelles', 'Praslin', 'BUS', 20.3333),
('Le Banyan Tree Seychelles', 'Vallée de Mai', 'WALK', 18.6667),
('Le Banyan Tree Seychelles', 'Vallée de Mai', 'BOAT', 18.6667),
('Le Banyan Tree Seychelles', 'Vallée de Mai', 'BUS', 18.6667),
('Le Banyan Tree Seychelles', 'Victoria', 'WALK', 34),
('Le Banyan Tree Seychelles', 'Victoria', 'BOAT', 34),
('Le Banyan Tree Seychelles', 'Victoria', 'BUS', 34),
('Le Coco de Mer Hotel', 'Anse Source d\'Argent et La Digue', 'WALK', 20),
('Le Coco de Mer Hotel', 'Anse Source d\'Argent et La Digue', 'BOAT', 20),
('Le Coco de Mer Hotel', 'Anse Source d\'Argent et La Digue', 'BUS', 20),
('Le Coco de Mer Hotel', 'Beau Vallon', 'WALK', 13.6667),
('Le Coco de Mer Hotel', 'Beau Vallon', 'BOAT', 13.6667),
('Le Coco de Mer Hotel', 'Beau Vallon', 'BUS', 13.6667),
('Le Coco de Mer Hotel', 'Hotel California Seychelles', 'WALK', 23.3333),
('Le Coco de Mer Hotel', 'Hotel California Seychelles', 'BOAT', 23.3333),
('Le Coco de Mer Hotel', 'Hotel California Seychelles', 'BUS', 23.3333),
('Le Coco de Mer Hotel', 'Jardin botanique de Victoria', 'WALK', 16),
('Le Coco de Mer Hotel', 'Jardin botanique de Victoria', 'BOAT', 16),
('Le Coco de Mer Hotel', 'Jardin botanique de Victoria', 'BUS', 16),
('Le Coco de Mer Hotel', 'Jardin du Roi', 'WALK', 21.6667),
('Le Coco de Mer Hotel', 'Jardin du Roi', 'BOAT', 21.6667),
('Le Coco de Mer Hotel', 'Jardin du Roi', 'BUS', 21.6667),
('Le Coco de Mer Hotel', 'Le Banyan Tree Seychelles', 'WALK', 31.6667),
('Le Coco de Mer Hotel', 'Le Banyan Tree Seychelles', 'BOAT', 31.6667),
('Le Coco de Mer Hotel', 'Le Banyan Tree Seychelles', 'BUS', 31.6667),
('Le Coco de Mer Hotel', 'Le Constance Lemuria Resort', 'WALK', 18.3333),
('Le Coco de Mer Hotel', 'Le Constance Lemuria Resort', 'BOAT', 18.3333),
('Le Coco de Mer Hotel', 'Le Constance Lemuria Resort', 'BUS', 18.3333),
('Le Coco de Mer Hotel', 'Le Domaine de la Réserve', 'WALK', 15.3333),
('Le Coco de Mer Hotel', 'Le Domaine de la Réserve', 'BOAT', 15.3333),
('Le Coco de Mer Hotel', 'Le Domaine de la Réserve', 'BUS', 15.3333),
('Le Coco de Mer Hotel', 'Le Four Seasons Resort Seychelles', 'WALK', 21.6667),
('Le Coco de Mer Hotel', 'Le Four Seasons Resort Seychelles', 'BOAT', 21.6667),
('Le Coco de Mer Hotel', 'Le Four Seasons Resort Seychelles', 'BUS', 21.6667),
('Le Coco de Mer Hotel', 'Le Hilltop Boutique Hotel', 'WALK', 30.6667),
('Le Coco de Mer Hotel', 'Le Hilltop Boutique Hotel', 'BOAT', 30.6667),
('Le Coco de Mer Hotel', 'Le Hilltop Boutique Hotel', 'BUS', 30.6667),
('Le Coco de Mer Hotel', 'Le Jardin des Palmes', 'WALK', 17),
('Le Coco de Mer Hotel', 'Le Jardin des Palmes', 'BOAT', 17),
('Le Coco de Mer Hotel', 'Le Jardin des Palmes', 'BUS', 17),
('Le Coco de Mer Hotel', 'Le Raffles Praslin Seychelles', 'WALK', 16),
('Le Coco de Mer Hotel', 'Le Raffles Praslin Seychelles', 'BOAT', 16),
('Le Coco de Mer Hotel', 'Le Raffles Praslin Seychelles', 'BUS', 16),
('Le Coco de Mer Hotel', 'Le Savoy Resort & Spa', 'WALK', 18.3333),
('Le Coco de Mer Hotel', 'Le Savoy Resort & Spa', 'BOAT', 18.3333),
('Le Coco de Mer Hotel', 'Le Savoy Resort & Spa', 'BUS', 18.3333),
('Le Coco de Mer Hotel', 'Morne Seychellois', 'WALK', 15.3333),
('Le Coco de Mer Hotel', 'Morne Seychellois', 'BOAT', 15.3333),
('Le Coco de Mer Hotel', 'Morne Seychellois', 'BUS', 15.3333),
('Le Coco de Mer Hotel', 'Praslin', 'WALK', 18),
('Le Coco de Mer Hotel', 'Praslin', 'BOAT', 18),
('Le Coco de Mer Hotel', 'Praslin', 'BUS', 18),
('Le Coco de Mer Hotel', 'Vallée de Mai', 'WALK', 18.3333),
('Le Coco de Mer Hotel', 'Vallée de Mai', 'BOAT', 18.3333),
('Le Coco de Mer Hotel', 'Vallée de Mai', 'BUS', 18.3333),
('Le Coco de Mer Hotel', 'Victoria', 'WALK', 15.6667),
('Le Coco de Mer Hotel', 'Victoria', 'BOAT', 15.6667),
('Le Coco de Mer Hotel', 'Victoria', 'BUS', 15.6667),
('Le Constance Lemuria Resort', 'Anse Source d\'Argent et La Digue', 'WALK', 5),
('Le Constance Lemuria Resort', 'Anse Source d\'Argent et La Digue', 'BOAT', 5),
('Le Constance Lemuria Resort', 'Anse Source d\'Argent et La Digue', 'BUS', 5),
('Le Constance Lemuria Resort', 'Beau Vallon', 'WALK', 21.3333),
('Le Constance Lemuria Resort', 'Beau Vallon', 'BOAT', 21.3333),
('Le Constance Lemuria Resort', 'Beau Vallon', 'BUS', 21.3333),
('Le Constance Lemuria Resort', 'Hotel California Seychelles', 'WALK', 25),
('Le Constance Lemuria Resort', 'Hotel California Seychelles', 'BOAT', 25),
('Le Constance Lemuria Resort', 'Hotel California Seychelles', 'BUS', 25),
('Le Constance Lemuria Resort', 'Jardin botanique de Victoria', 'WALK', 21),
('Le Constance Lemuria Resort', 'Jardin botanique de Victoria', 'BOAT', 21),
('Le Constance Lemuria Resort', 'Jardin botanique de Victoria', 'BUS', 21),
('Le Constance Lemuria Resort', 'Jardin du Roi', 'WALK', 24),
('Le Constance Lemuria Resort', 'Jardin du Roi', 'BOAT', 24),
('Le Constance Lemuria Resort', 'Jardin du Roi', 'BUS', 24),
('Le Constance Lemuria Resort', 'Le Banyan Tree Seychelles', 'WALK', 20),
('Le Constance Lemuria Resort', 'Le Banyan Tree Seychelles', 'BOAT', 20),
('Le Constance Lemuria Resort', 'Le Banyan Tree Seychelles', 'BUS', 20),
('Le Constance Lemuria Resort', 'Le Coco de Mer Hotel', 'WALK', 18.3333),
('Le Constance Lemuria Resort', 'Le Coco de Mer Hotel', 'BOAT', 18.3333),
('Le Constance Lemuria Resort', 'Le Coco de Mer Hotel', 'BUS', 18.3333),
('Le Constance Lemuria Resort', 'Le Domaine de la Réserve', 'WALK', 19.6667),
('Le Constance Lemuria Resort', 'Le Domaine de la Réserve', 'BOAT', 19.6667),
('Le Constance Lemuria Resort', 'Le Domaine de la Réserve', 'BUS', 19.6667),
('Le Constance Lemuria Resort', 'Le Four Seasons Resort Seychelles', 'WALK', 3.33333),
('Le Constance Lemuria Resort', 'Le Four Seasons Resort Seychelles', 'BOAT', 3.33333),
('Le Constance Lemuria Resort', 'Le Four Seasons Resort Seychelles', 'BUS', 3.33333),
('Le Constance Lemuria Resort', 'Le Hilltop Boutique Hotel', 'WALK', 15.6667),
('Le Constance Lemuria Resort', 'Le Hilltop Boutique Hotel', 'BOAT', 15.6667),
('Le Constance Lemuria Resort', 'Le Hilltop Boutique Hotel', 'BUS', 15.6667),
('Le Constance Lemuria Resort', 'Le Jardin des Palmes', 'WALK', 16),
('Le Constance Lemuria Resort', 'Le Jardin des Palmes', 'BOAT', 16),
('Le Constance Lemuria Resort', 'Le Jardin des Palmes', 'BUS', 16),
('Le Constance Lemuria Resort', 'Le Raffles Praslin Seychelles', 'WALK', 2.33333),
('Le Constance Lemuria Resort', 'Le Raffles Praslin Seychelles', 'BOAT', 2.33333),
('Le Constance Lemuria Resort', 'Le Raffles Praslin Seychelles', 'BUS', 2.33333),
('Le Constance Lemuria Resort', 'Le Savoy Resort & Spa', 'WALK', 3.33333),
('Le Constance Lemuria Resort', 'Le Savoy Resort & Spa', 'BOAT', 3.33333),
('Le Constance Lemuria Resort', 'Le Savoy Resort & Spa', 'BUS', 3.33333),
('Le Constance Lemuria Resort', 'Morne Seychellois', 'WALK', 23),
('Le Constance Lemuria Resort', 'Morne Seychellois', 'BOAT', 23),
('Le Constance Lemuria Resort', 'Morne Seychellois', 'BUS', 23),
('Le Constance Lemuria Resort', 'Praslin', 'WALK', 0.333333),
('Le Constance Lemuria Resort', 'Praslin', 'BOAT', 0.333333),
('Le Constance Lemuria Resort', 'Praslin', 'BUS', 0.333333),
('Le Constance Lemuria Resort', 'Vallée de Mai', 'WALK', 1.33333),
('Le Constance Lemuria Resort', 'Vallée de Mai', 'BOAT', 1.33333),
('Le Constance Lemuria Resort', 'Vallée de Mai', 'BUS', 1.33333),
('Le Constance Lemuria Resort', 'Victoria', 'WALK', 20.6667),
('Le Constance Lemuria Resort', 'Victoria', 'BOAT', 20.6667),
('Le Constance Lemuria Resort', 'Victoria', 'BUS', 20.6667),
('Le Domaine de la Réserve', 'Anse Source d\'Argent et La Digue', 'WALK', 21.3333),
('Le Domaine de la Réserve', 'Anse Source d\'Argent et La Digue', 'BOAT', 21.3333),
('Le Domaine de la Réserve', 'Anse Source d\'Argent et La Digue', 'BUS', 21.3333),
('Le Domaine de la Réserve', 'Beau Vallon', 'WALK', 1.66667),
('Le Domaine de la Réserve', 'Beau Vallon', 'BOAT', 1.66667),
('Le Domaine de la Réserve', 'Beau Vallon', 'BUS', 1.66667),
('Le Domaine de la Réserve', 'Hotel California Seychelles', 'WALK', 8),
('Le Domaine de la Réserve', 'Hotel California Seychelles', 'BOAT', 8),
('Le Domaine de la Réserve', 'Hotel California Seychelles', 'BUS', 8),
('Le Domaine de la Réserve', 'Jardin botanique de Victoria', 'WALK', 1.33333),
('Le Domaine de la Réserve', 'Jardin botanique de Victoria', 'BOAT', 1.33333),
('Le Domaine de la Réserve', 'Jardin botanique de Victoria', 'BUS', 1.33333),
('Le Domaine de la Réserve', 'Jardin du Roi', 'WALK', 6.33333),
('Le Domaine de la Réserve', 'Jardin du Roi', 'BOAT', 6.33333),
('Le Domaine de la Réserve', 'Jardin du Roi', 'BUS', 6.33333),
('Le Domaine de la Réserve', 'Le Banyan Tree Seychelles', 'WALK', 33),
('Le Domaine de la Réserve', 'Le Banyan Tree Seychelles', 'BOAT', 33),
('Le Domaine de la Réserve', 'Le Banyan Tree Seychelles', 'BUS', 33),
('Le Domaine de la Réserve', 'Le Coco de Mer Hotel', 'WALK', 15.3333),
('Le Domaine de la Réserve', 'Le Coco de Mer Hotel', 'BOAT', 15.3333),
('Le Domaine de la Réserve', 'Le Coco de Mer Hotel', 'BUS', 15.3333),
('Le Domaine de la Réserve', 'Le Constance Lemuria Resort', 'WALK', 19.6667),
('Le Domaine de la Réserve', 'Le Constance Lemuria Resort', 'BOAT', 19.6667),
('Le Domaine de la Réserve', 'Le Constance Lemuria Resort', 'BUS', 19.6667),
('Le Domaine de la Réserve', 'Le Four Seasons Resort Seychelles', 'WALK', 23),
('Le Domaine de la Réserve', 'Le Four Seasons Resort Seychelles', 'BOAT', 23),
('Le Domaine de la Réserve', 'Le Four Seasons Resort Seychelles', 'BUS', 23),
('Le Domaine de la Réserve', 'Le Hilltop Boutique Hotel', 'WALK', 17.3333),
('Le Domaine de la Réserve', 'Le Hilltop Boutique Hotel', 'BOAT', 17.3333),
('Le Domaine de la Réserve', 'Le Hilltop Boutique Hotel', 'BUS', 17.3333),
('Le Domaine de la Réserve', 'Le Jardin des Palmes', 'WALK', 3.66667),
('Le Domaine de la Réserve', 'Le Jardin des Palmes', 'BOAT', 3.66667),
('Le Domaine de la Réserve', 'Le Jardin des Palmes', 'BUS', 3.66667),
('Le Domaine de la Réserve', 'Le Raffles Praslin Seychelles', 'WALK', 17.3333),
('Le Domaine de la Réserve', 'Le Raffles Praslin Seychelles', 'BOAT', 17.3333),
('Le Domaine de la Réserve', 'Le Raffles Praslin Seychelles', 'BUS', 17.3333),
('Le Domaine de la Réserve', 'Le Savoy Resort & Spa', 'WALK', 19.6667),
('Le Domaine de la Réserve', 'Le Savoy Resort & Spa', 'BOAT', 19.6667),
('Le Domaine de la Réserve', 'Le Savoy Resort & Spa', 'BUS', 19.6667),
('Le Domaine de la Réserve', 'Morne Seychellois', 'WALK', 3.33333),
('Le Domaine de la Réserve', 'Morne Seychellois', 'BOAT', 3.33333),
('Le Domaine de la Réserve', 'Morne Seychellois', 'BUS', 3.33333),
('Le Domaine de la Réserve', 'Praslin', 'WALK', 19.3333),
('Le Domaine de la Réserve', 'Praslin', 'BOAT', 19.3333),
('Le Domaine de la Réserve', 'Praslin', 'BUS', 19.3333),
('Le Domaine de la Réserve', 'Vallée de Mai', 'WALK', 19.6667),
('Le Domaine de la Réserve', 'Vallée de Mai', 'BOAT', 19.6667),
('Le Domaine de la Réserve', 'Vallée de Mai', 'BUS', 19.6667),
('Le Domaine de la Réserve', 'Victoria', 'WALK', 1),
('Le Domaine de la Réserve', 'Victoria', 'BOAT', 1),
('Le Domaine de la Réserve', 'Victoria', 'BUS', 1),
('Le Four Seasons Resort Seychelles', 'Anse Source d\'Argent et La Digue', 'WALK', 1.66667),
('Le Four Seasons Resort Seychelles', 'Anse Source d\'Argent et La Digue', 'BOAT', 1.66667),
('Le Four Seasons Resort Seychelles', 'Anse Source d\'Argent et La Digue', 'BUS', 1.66667),
('Le Four Seasons Resort Seychelles', 'Beau Vallon', 'WALK', 24.6667),
('Le Four Seasons Resort Seychelles', 'Beau Vallon', 'BOAT', 24.6667),
('Le Four Seasons Resort Seychelles', 'Beau Vallon', 'BUS', 24.6667),
('Le Four Seasons Resort Seychelles', 'Hotel California Seychelles', 'WALK', 28.3333),
('Le Four Seasons Resort Seychelles', 'Hotel California Seychelles', 'BOAT', 28.3333),
('Le Four Seasons Resort Seychelles', 'Hotel California Seychelles', 'BUS', 28.3333),
('Le Four Seasons Resort Seychelles', 'Jardin botanique de Victoria', 'WALK', 24.3333),
('Le Four Seasons Resort Seychelles', 'Jardin botanique de Victoria', 'BOAT', 24.3333),
('Le Four Seasons Resort Seychelles', 'Jardin botanique de Victoria', 'BUS', 24.3333),
('Le Four Seasons Resort Seychelles', 'Jardin du Roi', 'WALK', 27.3333),
('Le Four Seasons Resort Seychelles', 'Jardin du Roi', 'BOAT', 27.3333),
('Le Four Seasons Resort Seychelles', 'Jardin du Roi', 'BUS', 27.3333),
('Le Four Seasons Resort Seychelles', 'Le Banyan Tree Seychelles', 'WALK', 23.3333),
('Le Four Seasons Resort Seychelles', 'Le Banyan Tree Seychelles', 'BOAT', 23.3333),
('Le Four Seasons Resort Seychelles', 'Le Banyan Tree Seychelles', 'BUS', 23.3333),
('Le Four Seasons Resort Seychelles', 'Le Coco de Mer Hotel', 'WALK', 21.6667),
('Le Four Seasons Resort Seychelles', 'Le Coco de Mer Hotel', 'BOAT', 21.6667),
('Le Four Seasons Resort Seychelles', 'Le Coco de Mer Hotel', 'BUS', 21.6667),
('Le Four Seasons Resort Seychelles', 'Le Constance Lemuria Resort', 'WALK', 3.33333),
('Le Four Seasons Resort Seychelles', 'Le Constance Lemuria Resort', 'BOAT', 3.33333),
('Le Four Seasons Resort Seychelles', 'Le Constance Lemuria Resort', 'BUS', 3.33333),
('Le Four Seasons Resort Seychelles', 'Le Domaine de la Réserve', 'WALK', 23),
('Le Four Seasons Resort Seychelles', 'Le Domaine de la Réserve', 'BOAT', 23),
('Le Four Seasons Resort Seychelles', 'Le Domaine de la Réserve', 'BUS', 23),
('Le Four Seasons Resort Seychelles', 'Le Hilltop Boutique Hotel', 'WALK', 12.3333),
('Le Four Seasons Resort Seychelles', 'Le Hilltop Boutique Hotel', 'BOAT', 12.3333),
('Le Four Seasons Resort Seychelles', 'Le Hilltop Boutique Hotel', 'BUS', 12.3333),
('Le Four Seasons Resort Seychelles', 'Le Jardin des Palmes', 'WALK', 19.3333),
('Le Four Seasons Resort Seychelles', 'Le Jardin des Palmes', 'BOAT', 19.3333),
('Le Four Seasons Resort Seychelles', 'Le Jardin des Palmes', 'BUS', 19.3333),
('Le Four Seasons Resort Seychelles', 'Le Raffles Praslin Seychelles', 'WALK', 5.66667),
('Le Four Seasons Resort Seychelles', 'Le Raffles Praslin Seychelles', 'BOAT', 5.66667),
('Le Four Seasons Resort Seychelles', 'Le Raffles Praslin Seychelles', 'BUS', 5.66667),
('Le Four Seasons Resort Seychelles', 'Le Savoy Resort & Spa', 'WALK', 6.66667),
('Le Four Seasons Resort Seychelles', 'Le Savoy Resort & Spa', 'BOAT', 6.66667),
('Le Four Seasons Resort Seychelles', 'Le Savoy Resort & Spa', 'BUS', 6.66667),
('Le Four Seasons Resort Seychelles', 'Morne Seychellois', 'WALK', 26.3333),
('Le Four Seasons Resort Seychelles', 'Morne Seychellois', 'BOAT', 26.3333),
('Le Four Seasons Resort Seychelles', 'Morne Seychellois', 'BUS', 26.3333),
('Le Four Seasons Resort Seychelles', 'Praslin', 'WALK', 3.66667),
('Le Four Seasons Resort Seychelles', 'Praslin', 'BOAT', 3.66667),
('Le Four Seasons Resort Seychelles', 'Praslin', 'BUS', 3.66667),
('Le Four Seasons Resort Seychelles', 'Vallée de Mai', 'WALK', 4.66667),
('Le Four Seasons Resort Seychelles', 'Vallée de Mai', 'BOAT', 4.66667),
('Le Four Seasons Resort Seychelles', 'Vallée de Mai', 'BUS', 4.66667),
('Le Four Seasons Resort Seychelles', 'Victoria', 'WALK', 24),
('Le Four Seasons Resort Seychelles', 'Victoria', 'BOAT', 24),
('Le Four Seasons Resort Seychelles', 'Victoria', 'BUS', 24),
('Le Hilltop Boutique Hotel', 'Anse Source d\'Argent et La Digue', 'WALK', 10.6667),
('Le Hilltop Boutique Hotel', 'Anse Source d\'Argent et La Digue', 'BOAT', 10.6667),
('Le Hilltop Boutique Hotel', 'Anse Source d\'Argent et La Digue', 'BUS', 10.6667),
('Le Hilltop Boutique Hotel', 'Beau Vallon', 'WALK', 19),
('Le Hilltop Boutique Hotel', 'Beau Vallon', 'BOAT', 19),
('Le Hilltop Boutique Hotel', 'Beau Vallon', 'BUS', 19),
('Le Hilltop Boutique Hotel', 'Hotel California Seychelles', 'WALK', 22.6667),
('Le Hilltop Boutique Hotel', 'Hotel California Seychelles', 'BOAT', 22.6667),
('Le Hilltop Boutique Hotel', 'Hotel California Seychelles', 'BUS', 22.6667),
('Le Hilltop Boutique Hotel', 'Jardin botanique de Victoria', 'WALK', 18.6667),
('Le Hilltop Boutique Hotel', 'Jardin botanique de Victoria', 'BOAT', 18.6667),
('Le Hilltop Boutique Hotel', 'Jardin botanique de Victoria', 'BUS', 18.6667),
('Le Hilltop Boutique Hotel', 'Jardin du Roi', 'WALK', 21.6667),
('Le Hilltop Boutique Hotel', 'Jardin du Roi', 'BOAT', 21.6667),
('Le Hilltop Boutique Hotel', 'Jardin du Roi', 'BUS', 21.6667),
('Le Hilltop Boutique Hotel', 'Le Banyan Tree Seychelles', 'WALK', 35.6667),
('Le Hilltop Boutique Hotel', 'Le Banyan Tree Seychelles', 'BOAT', 35.6667),
('Le Hilltop Boutique Hotel', 'Le Banyan Tree Seychelles', 'BUS', 35.6667),
('Le Hilltop Boutique Hotel', 'Le Coco de Mer Hotel', 'WALK', 30.6667),
('Le Hilltop Boutique Hotel', 'Le Coco de Mer Hotel', 'BOAT', 30.6667),
('Le Hilltop Boutique Hotel', 'Le Coco de Mer Hotel', 'BUS', 30.6667),
('Le Hilltop Boutique Hotel', 'Le Constance Lemuria Resort', 'WALK', 15.6667),
('Le Hilltop Boutique Hotel', 'Le Constance Lemuria Resort', 'BOAT', 15.6667),
('Le Hilltop Boutique Hotel', 'Le Constance Lemuria Resort', 'BUS', 15.6667),
('Le Hilltop Boutique Hotel', 'Le Domaine de la Réserve', 'WALK', 17.3333),
('Le Hilltop Boutique Hotel', 'Le Domaine de la Réserve', 'BOAT', 17.3333),
('Le Hilltop Boutique Hotel', 'Le Domaine de la Réserve', 'BUS', 17.3333),
('Le Hilltop Boutique Hotel', 'Le Four Seasons Resort Seychelles', 'WALK', 12.3333),
('Le Hilltop Boutique Hotel', 'Le Four Seasons Resort Seychelles', 'BOAT', 12.3333),
('Le Hilltop Boutique Hotel', 'Le Four Seasons Resort Seychelles', 'BUS', 12.3333),
('Le Hilltop Boutique Hotel', 'Le Jardin des Palmes', 'WALK', 13.6667),
('Le Hilltop Boutique Hotel', 'Le Jardin des Palmes', 'BOAT', 13.6667),
('Le Hilltop Boutique Hotel', 'Le Jardin des Palmes', 'BUS', 13.6667),
('Le Hilltop Boutique Hotel', 'Le Raffles Praslin Seychelles', 'WALK', 14.6667),
('Le Hilltop Boutique Hotel', 'Le Raffles Praslin Seychelles', 'BOAT', 14.6667),
('Le Hilltop Boutique Hotel', 'Le Raffles Praslin Seychelles', 'BUS', 14.6667),
('Le Hilltop Boutique Hotel', 'Le Savoy Resort & Spa', 'WALK', 19),
('Le Hilltop Boutique Hotel', 'Le Savoy Resort & Spa', 'BOAT', 19),
('Le Hilltop Boutique Hotel', 'Le Savoy Resort & Spa', 'BUS', 19),
('Le Hilltop Boutique Hotel', 'Morne Seychellois', 'WALK', 20.6667),
('Le Hilltop Boutique Hotel', 'Morne Seychellois', 'BOAT', 20.6667),
('Le Hilltop Boutique Hotel', 'Morne Seychellois', 'BUS', 20.6667),
('Le Hilltop Boutique Hotel', 'Praslin', 'WALK', 15.3333),
('Le Hilltop Boutique Hotel', 'Praslin', 'BOAT', 15.3333),
('Le Hilltop Boutique Hotel', 'Praslin', 'BUS', 15.3333),
('Le Hilltop Boutique Hotel', 'Vallée de Mai', 'WALK', 17),
('Le Hilltop Boutique Hotel', 'Vallée de Mai', 'BOAT', 17),
('Le Hilltop Boutique Hotel', 'Vallée de Mai', 'BUS', 17),
('Le Hilltop Boutique Hotel', 'Victoria', 'WALK', 18.3333),
('Le Hilltop Boutique Hotel', 'Victoria', 'BOAT', 18.3333),
('Le Hilltop Boutique Hotel', 'Victoria', 'BUS', 18.3333),
('Le Jardin des Palmes', 'Anse Source d\'Argent et La Digue', 'WALK', 17.6667),
('Le Jardin des Palmes', 'Anse Source d\'Argent et La Digue', 'BOAT', 17.6667),
('Le Jardin des Palmes', 'Anse Source d\'Argent et La Digue', 'BUS', 17.6667),
('Le Jardin des Palmes', 'Beau Vallon', 'WALK', 5.33333),
('Le Jardin des Palmes', 'Beau Vallon', 'BOAT', 5.33333),
('Le Jardin des Palmes', 'Beau Vallon', 'BUS', 5.33333),
('Le Jardin des Palmes', 'Hotel California Seychelles', 'WALK', 9),
('Le Jardin des Palmes', 'Hotel California Seychelles', 'BOAT', 9),
('Le Jardin des Palmes', 'Hotel California Seychelles', 'BUS', 9),
('Le Jardin des Palmes', 'Jardin botanique de Victoria', 'WALK', 5),
('Le Jardin des Palmes', 'Jardin botanique de Victoria', 'BOAT', 5),
('Le Jardin des Palmes', 'Jardin botanique de Victoria', 'BUS', 5),
('Le Jardin des Palmes', 'Jardin du Roi', 'WALK', 8),
('Le Jardin des Palmes', 'Jardin du Roi', 'BOAT', 8),
('Le Jardin des Palmes', 'Jardin du Roi', 'BUS', 8),
('Le Jardin des Palmes', 'Le Banyan Tree Seychelles', 'WALK', 29.3333),
('Le Jardin des Palmes', 'Le Banyan Tree Seychelles', 'BOAT', 29.3333),
('Le Jardin des Palmes', 'Le Banyan Tree Seychelles', 'BUS', 29.3333),
('Le Jardin des Palmes', 'Le Coco de Mer Hotel', 'WALK', 17),
('Le Jardin des Palmes', 'Le Coco de Mer Hotel', 'BOAT', 17),
('Le Jardin des Palmes', 'Le Coco de Mer Hotel', 'BUS', 17),
('Le Jardin des Palmes', 'Le Constance Lemuria Resort', 'WALK', 16),
('Le Jardin des Palmes', 'Le Constance Lemuria Resort', 'BOAT', 16),
('Le Jardin des Palmes', 'Le Constance Lemuria Resort', 'BUS', 16),
('Le Jardin des Palmes', 'Le Domaine de la Réserve', 'WALK', 3.66667),
('Le Jardin des Palmes', 'Le Domaine de la Réserve', 'BOAT', 3.66667),
('Le Jardin des Palmes', 'Le Domaine de la Réserve', 'BUS', 3.66667),
('Le Jardin des Palmes', 'Le Four Seasons Resort Seychelles', 'WALK', 19.3333),
('Le Jardin des Palmes', 'Le Four Seasons Resort Seychelles', 'BOAT', 19.3333),
('Le Jardin des Palmes', 'Le Four Seasons Resort Seychelles', 'BUS', 19.3333),
('Le Jardin des Palmes', 'Le Hilltop Boutique Hotel', 'WALK', 13.6667),
('Le Jardin des Palmes', 'Le Hilltop Boutique Hotel', 'BOAT', 13.6667),
('Le Jardin des Palmes', 'Le Hilltop Boutique Hotel', 'BUS', 13.6667),
('Le Jardin des Palmes', 'Le Raffles Praslin Seychelles', 'WALK', 13.6667),
('Le Jardin des Palmes', 'Le Raffles Praslin Seychelles', 'BOAT', 13.6667),
('Le Jardin des Palmes', 'Le Raffles Praslin Seychelles', 'BUS', 13.6667),
('Le Jardin des Palmes', 'Le Savoy Resort & Spa', 'WALK', 16),
('Le Jardin des Palmes', 'Le Savoy Resort & Spa', 'BOAT', 16),
('Le Jardin des Palmes', 'Le Savoy Resort & Spa', 'BUS', 16),
('Le Jardin des Palmes', 'Morne Seychellois', 'WALK', 7),
('Le Jardin des Palmes', 'Morne Seychellois', 'BOAT', 7),
('Le Jardin des Palmes', 'Morne Seychellois', 'BUS', 7),
('Le Jardin des Palmes', 'Praslin', 'WALK', 15.6667),
('Le Jardin des Palmes', 'Praslin', 'BOAT', 15.6667),
('Le Jardin des Palmes', 'Praslin', 'BUS', 15.6667),
('Le Jardin des Palmes', 'Vallée de Mai', 'WALK', 16),
('Le Jardin des Palmes', 'Vallée de Mai', 'BOAT', 16),
('Le Jardin des Palmes', 'Vallée de Mai', 'BUS', 16),
('Le Jardin des Palmes', 'Victoria', 'WALK', 4.66667),
('Le Jardin des Palmes', 'Victoria', 'BOAT', 4.66667),
('Le Jardin des Palmes', 'Victoria', 'BUS', 4.66667),
('Le Raffles Praslin Seychelles', 'Anse Source d\'Argent et La Digue', 'WALK', 4),
('Le Raffles Praslin Seychelles', 'Anse Source d\'Argent et La Digue', 'BOAT', 4),
('Le Raffles Praslin Seychelles', 'Anse Source d\'Argent et La Digue', 'BUS', 4),
('Le Raffles Praslin Seychelles', 'Beau Vallon', 'WALK', 19),
('Le Raffles Praslin Seychelles', 'Beau Vallon', 'BOAT', 19),
('Le Raffles Praslin Seychelles', 'Beau Vallon', 'BUS', 19),
('Le Raffles Praslin Seychelles', 'Hotel California Seychelles', 'WALK', 22.6667),
('Le Raffles Praslin Seychelles', 'Hotel California Seychelles', 'BOAT', 22.6667),
('Le Raffles Praslin Seychelles', 'Hotel California Seychelles', 'BUS', 22.6667),
('Le Raffles Praslin Seychelles', 'Jardin botanique de Victoria', 'WALK', 18.6667),
('Le Raffles Praslin Seychelles', 'Jardin botanique de Victoria', 'BOAT', 18.6667),
('Le Raffles Praslin Seychelles', 'Jardin botanique de Victoria', 'BUS', 18.6667),
('Le Raffles Praslin Seychelles', 'Jardin du Roi', 'WALK', 21.6667),
('Le Raffles Praslin Seychelles', 'Jardin du Roi', 'BOAT', 21.6667),
('Le Raffles Praslin Seychelles', 'Jardin du Roi', 'BUS', 21.6667),
('Le Raffles Praslin Seychelles', 'Le Banyan Tree Seychelles', 'WALK', 21),
('Le Raffles Praslin Seychelles', 'Le Banyan Tree Seychelles', 'BOAT', 21),
('Le Raffles Praslin Seychelles', 'Le Banyan Tree Seychelles', 'BUS', 21),
('Le Raffles Praslin Seychelles', 'Le Coco de Mer Hotel', 'WALK', 16),
('Le Raffles Praslin Seychelles', 'Le Coco de Mer Hotel', 'BOAT', 16),
('Le Raffles Praslin Seychelles', 'Le Coco de Mer Hotel', 'BUS', 16),
('Le Raffles Praslin Seychelles', 'Le Constance Lemuria Resort', 'WALK', 2.33333),
('Le Raffles Praslin Seychelles', 'Le Constance Lemuria Resort', 'BOAT', 2.33333),
('Le Raffles Praslin Seychelles', 'Le Constance Lemuria Resort', 'BUS', 2.33333),
('Le Raffles Praslin Seychelles', 'Le Domaine de la Réserve', 'WALK', 17.3333),
('Le Raffles Praslin Seychelles', 'Le Domaine de la Réserve', 'BOAT', 17.3333),
('Le Raffles Praslin Seychelles', 'Le Domaine de la Réserve', 'BUS', 17.3333),
('Le Raffles Praslin Seychelles', 'Le Four Seasons Resort Seychelles', 'WALK', 5.66667),
('Le Raffles Praslin Seychelles', 'Le Four Seasons Resort Seychelles', 'BOAT', 5.66667),
('Le Raffles Praslin Seychelles', 'Le Four Seasons Resort Seychelles', 'BUS', 5.66667),
('Le Raffles Praslin Seychelles', 'Le Hilltop Boutique Hotel', 'WALK', 14.6667),
('Le Raffles Praslin Seychelles', 'Le Hilltop Boutique Hotel', 'BOAT', 14.6667),
('Le Raffles Praslin Seychelles', 'Le Hilltop Boutique Hotel', 'BUS', 14.6667),
('Le Raffles Praslin Seychelles', 'Le Jardin des Palmes', 'WALK', 13.6667),
('Le Raffles Praslin Seychelles', 'Le Jardin des Palmes', 'BOAT', 13.6667),
('Le Raffles Praslin Seychelles', 'Le Jardin des Palmes', 'BUS', 13.6667),
('Le Raffles Praslin Seychelles', 'Le Savoy Resort & Spa', 'WALK', 4.33333),
('Le Raffles Praslin Seychelles', 'Le Savoy Resort & Spa', 'BOAT', 4.33333),
('Le Raffles Praslin Seychelles', 'Le Savoy Resort & Spa', 'BUS', 4.33333),
('Le Raffles Praslin Seychelles', 'Morne Seychellois', 'WALK', 20.6667),
('Le Raffles Praslin Seychelles', 'Morne Seychellois', 'BOAT', 20.6667),
('Le Raffles Praslin Seychelles', 'Morne Seychellois', 'BUS', 20.6667),
('Le Raffles Praslin Seychelles', 'Praslin', 'WALK', 2),
('Le Raffles Praslin Seychelles', 'Praslin', 'BOAT', 2),
('Le Raffles Praslin Seychelles', 'Praslin', 'BUS', 2),
('Le Raffles Praslin Seychelles', 'Vallée de Mai', 'WALK', 2.33333),
('Le Raffles Praslin Seychelles', 'Vallée de Mai', 'BOAT', 2.33333),
('Le Raffles Praslin Seychelles', 'Vallée de Mai', 'BUS', 2.33333),
('Le Raffles Praslin Seychelles', 'Victoria', 'WALK', 18.3333),
('Le Raffles Praslin Seychelles', 'Victoria', 'BOAT', 18.3333),
('Le Raffles Praslin Seychelles', 'Victoria', 'BUS', 18.3333),
('Le Savoy Resort & Spa', 'Anse Source d\'Argent et La Digue', 'WALK', 8.33333),
('Le Savoy Resort & Spa', 'Anse Source d\'Argent et La Digue', 'BOAT', 8.33333),
('Le Savoy Resort & Spa', 'Anse Source d\'Argent et La Digue', 'BUS', 8.33333),
('Le Savoy Resort & Spa', 'Beau Vallon', 'WALK', 21.3333),
('Le Savoy Resort & Spa', 'Beau Vallon', 'BOAT', 21.3333),
('Le Savoy Resort & Spa', 'Beau Vallon', 'BUS', 21.3333),
('Le Savoy Resort & Spa', 'Hotel California Seychelles', 'WALK', 25),
('Le Savoy Resort & Spa', 'Hotel California Seychelles', 'BOAT', 25),
('Le Savoy Resort & Spa', 'Hotel California Seychelles', 'BUS', 25),
('Le Savoy Resort & Spa', 'Jardin botanique de Victoria', 'WALK', 21),
('Le Savoy Resort & Spa', 'Jardin botanique de Victoria', 'BOAT', 21),
('Le Savoy Resort & Spa', 'Jardin botanique de Victoria', 'BUS', 21),
('Le Savoy Resort & Spa', 'Jardin du Roi', 'WALK', 24),
('Le Savoy Resort & Spa', 'Jardin du Roi', 'BOAT', 24),
('Le Savoy Resort & Spa', 'Jardin du Roi', 'BUS', 24),
('Le Savoy Resort & Spa', 'Le Banyan Tree Seychelles', 'WALK', 16.6667),
('Le Savoy Resort & Spa', 'Le Banyan Tree Seychelles', 'BOAT', 16.6667),
('Le Savoy Resort & Spa', 'Le Banyan Tree Seychelles', 'BUS', 16.6667),
('Le Savoy Resort & Spa', 'Le Coco de Mer Hotel', 'WALK', 18.3333),
('Le Savoy Resort & Spa', 'Le Coco de Mer Hotel', 'BOAT', 18.3333),
('Le Savoy Resort & Spa', 'Le Coco de Mer Hotel', 'BUS', 18.3333),
('Le Savoy Resort & Spa', 'Le Constance Lemuria Resort', 'WALK', 3.33333),
('Le Savoy Resort & Spa', 'Le Constance Lemuria Resort', 'BOAT', 3.33333),
('Le Savoy Resort & Spa', 'Le Constance Lemuria Resort', 'BUS', 3.33333),
('Le Savoy Resort & Spa', 'Le Domaine de la Réserve', 'WALK', 19.6667),
('Le Savoy Resort & Spa', 'Le Domaine de la Réserve', 'BOAT', 19.6667),
('Le Savoy Resort & Spa', 'Le Domaine de la Réserve', 'BUS', 19.6667),
('Le Savoy Resort & Spa', 'Le Four Seasons Resort Seychelles', 'WALK', 6.66667),
('Le Savoy Resort & Spa', 'Le Four Seasons Resort Seychelles', 'BOAT', 6.66667),
('Le Savoy Resort & Spa', 'Le Four Seasons Resort Seychelles', 'BUS', 6.66667),
('Le Savoy Resort & Spa', 'Le Hilltop Boutique Hotel', 'WALK', 19),
('Le Savoy Resort & Spa', 'Le Hilltop Boutique Hotel', 'BOAT', 19),
('Le Savoy Resort & Spa', 'Le Hilltop Boutique Hotel', 'BUS', 19),
('Le Savoy Resort & Spa', 'Le Jardin des Palmes', 'WALK', 16),
('Le Savoy Resort & Spa', 'Le Jardin des Palmes', 'BOAT', 16),
('Le Savoy Resort & Spa', 'Le Jardin des Palmes', 'BUS', 16),
('Le Savoy Resort & Spa', 'Le Raffles Praslin Seychelles', 'WALK', 4.33333),
('Le Savoy Resort & Spa', 'Le Raffles Praslin Seychelles', 'BOAT', 4.33333),
('Le Savoy Resort & Spa', 'Le Raffles Praslin Seychelles', 'BUS', 4.33333),
('Le Savoy Resort & Spa', 'Morne Seychellois', 'WALK', 23),
('Le Savoy Resort & Spa', 'Morne Seychellois', 'BOAT', 23),
('Le Savoy Resort & Spa', 'Morne Seychellois', 'BUS', 23),
('Le Savoy Resort & Spa', 'Praslin', 'WALK', 3.66667),
('Le Savoy Resort & Spa', 'Praslin', 'BOAT', 3.66667),
('Le Savoy Resort & Spa', 'Praslin', 'BUS', 3.66667),
('Le Savoy Resort & Spa', 'Vallée de Mai', 'WALK', 2),
('Le Savoy Resort & Spa', 'Vallée de Mai', 'BOAT', 2),
('Le Savoy Resort & Spa', 'Vallée de Mai', 'BUS', 2),
('Le Savoy Resort & Spa', 'Victoria', 'WALK', 20.6667),
('Le Savoy Resort & Spa', 'Victoria', 'BOAT', 20.6667),
('Le Savoy Resort & Spa', 'Victoria', 'BUS', 20.6667),
('Morne Seychellois', 'Anse Source d\'Argent et La Digue', 'WALK', 24.6667),
('Morne Seychellois', 'Anse Source d\'Argent et La Digue', 'BOAT', 24.6667),
('Morne Seychellois', 'Anse Source d\'Argent et La Digue', 'BUS', 24.6667),
('Morne Seychellois', 'Beau Vallon', 'WALK', 1.66667),
('Morne Seychellois', 'Beau Vallon', 'BOAT', 1.66667),
('Morne Seychellois', 'Beau Vallon', 'BUS', 1.66667),
('Morne Seychellois', 'Hotel California Seychelles', 'WALK', 8),
('Morne Seychellois', 'Hotel California Seychelles', 'BOAT', 8),
('Morne Seychellois', 'Hotel California Seychelles', 'BUS', 8),
('Morne Seychellois', 'Jardin botanique de Victoria', 'WALK', 2),
('Morne Seychellois', 'Jardin botanique de Victoria', 'BOAT', 2),
('Morne Seychellois', 'Jardin botanique de Victoria', 'BUS', 2),
('Morne Seychellois', 'Jardin du Roi', 'WALK', 6.33333),
('Morne Seychellois', 'Jardin du Roi', 'BOAT', 6.33333),
('Morne Seychellois', 'Jardin du Roi', 'BUS', 6.33333),
('Morne Seychellois', 'Le Banyan Tree Seychelles', 'WALK', 36.3333),
('Morne Seychellois', 'Le Banyan Tree Seychelles', 'BOAT', 36.3333),
('Morne Seychellois', 'Le Banyan Tree Seychelles', 'BUS', 36.3333),
('Morne Seychellois', 'Le Coco de Mer Hotel', 'WALK', 15.3333),
('Morne Seychellois', 'Le Coco de Mer Hotel', 'BOAT', 15.3333),
('Morne Seychellois', 'Le Coco de Mer Hotel', 'BUS', 15.3333);
INSERT INTO `transport` (`start_place`, `end_place`, `type`, `distance`) VALUES
('Morne Seychellois', 'Le Constance Lemuria Resort', 'WALK', 23),
('Morne Seychellois', 'Le Constance Lemuria Resort', 'BOAT', 23),
('Morne Seychellois', 'Le Constance Lemuria Resort', 'BUS', 23),
('Morne Seychellois', 'Le Domaine de la Réserve', 'WALK', 3.33333),
('Morne Seychellois', 'Le Domaine de la Réserve', 'BOAT', 3.33333),
('Morne Seychellois', 'Le Domaine de la Réserve', 'BUS', 3.33333),
('Morne Seychellois', 'Le Four Seasons Resort Seychelles', 'WALK', 26.3333),
('Morne Seychellois', 'Le Four Seasons Resort Seychelles', 'BOAT', 26.3333),
('Morne Seychellois', 'Le Four Seasons Resort Seychelles', 'BUS', 26.3333),
('Morne Seychellois', 'Le Hilltop Boutique Hotel', 'WALK', 20.6667),
('Morne Seychellois', 'Le Hilltop Boutique Hotel', 'BOAT', 20.6667),
('Morne Seychellois', 'Le Hilltop Boutique Hotel', 'BUS', 20.6667),
('Morne Seychellois', 'Le Jardin des Palmes', 'WALK', 7),
('Morne Seychellois', 'Le Jardin des Palmes', 'BOAT', 7),
('Morne Seychellois', 'Le Jardin des Palmes', 'BUS', 7),
('Morne Seychellois', 'Le Raffles Praslin Seychelles', 'WALK', 20.6667),
('Morne Seychellois', 'Le Raffles Praslin Seychelles', 'BOAT', 20.6667),
('Morne Seychellois', 'Le Raffles Praslin Seychelles', 'BUS', 20.6667),
('Morne Seychellois', 'Le Savoy Resort & Spa', 'WALK', 23),
('Morne Seychellois', 'Le Savoy Resort & Spa', 'BOAT', 23),
('Morne Seychellois', 'Le Savoy Resort & Spa', 'BUS', 23),
('Morne Seychellois', 'Praslin', 'WALK', 22.6667),
('Morne Seychellois', 'Praslin', 'BOAT', 22.6667),
('Morne Seychellois', 'Praslin', 'BUS', 22.6667),
('Morne Seychellois', 'Vallée de Mai', 'WALK', 23),
('Morne Seychellois', 'Vallée de Mai', 'BOAT', 23),
('Morne Seychellois', 'Vallée de Mai', 'BUS', 23),
('Morne Seychellois', 'Victoria', 'WALK', 2.33333),
('Morne Seychellois', 'Victoria', 'BOAT', 2.33333),
('Morne Seychellois', 'Victoria', 'BUS', 2.33333),
('Praslin', 'Anse Source d\'Argent et La Digue', 'WALK', 4.66667),
('Praslin', 'Anse Source d\'Argent et La Digue', 'BOAT', 4.66667),
('Praslin', 'Anse Source d\'Argent et La Digue', 'BUS', 4.66667),
('Praslin', 'Beau Vallon', 'WALK', 21),
('Praslin', 'Beau Vallon', 'BOAT', 21),
('Praslin', 'Beau Vallon', 'BUS', 21),
('Praslin', 'Hotel California Seychelles', 'WALK', 24.6667),
('Praslin', 'Hotel California Seychelles', 'BOAT', 24.6667),
('Praslin', 'Hotel California Seychelles', 'BUS', 24.6667),
('Praslin', 'Jardin botanique de Victoria', 'WALK', 20.6667),
('Praslin', 'Jardin botanique de Victoria', 'BOAT', 20.6667),
('Praslin', 'Jardin botanique de Victoria', 'BUS', 20.6667),
('Praslin', 'Jardin du Roi', 'WALK', 23.6667),
('Praslin', 'Jardin du Roi', 'BOAT', 23.6667),
('Praslin', 'Jardin du Roi', 'BUS', 23.6667),
('Praslin', 'Le Banyan Tree Seychelles', 'WALK', 20.3333),
('Praslin', 'Le Banyan Tree Seychelles', 'BOAT', 20.3333),
('Praslin', 'Le Banyan Tree Seychelles', 'BUS', 20.3333),
('Praslin', 'Le Coco de Mer Hotel', 'WALK', 18),
('Praslin', 'Le Coco de Mer Hotel', 'BOAT', 18),
('Praslin', 'Le Coco de Mer Hotel', 'BUS', 18),
('Praslin', 'Le Constance Lemuria Resort', 'WALK', 0.333333),
('Praslin', 'Le Constance Lemuria Resort', 'BOAT', 0.333333),
('Praslin', 'Le Constance Lemuria Resort', 'BUS', 0.333333),
('Praslin', 'Le Domaine de la Réserve', 'WALK', 19.3333),
('Praslin', 'Le Domaine de la Réserve', 'BOAT', 19.3333),
('Praslin', 'Le Domaine de la Réserve', 'BUS', 19.3333),
('Praslin', 'Le Four Seasons Resort Seychelles', 'WALK', 3.66667),
('Praslin', 'Le Four Seasons Resort Seychelles', 'BOAT', 3.66667),
('Praslin', 'Le Four Seasons Resort Seychelles', 'BUS', 3.66667),
('Praslin', 'Le Hilltop Boutique Hotel', 'WALK', 15.3333),
('Praslin', 'Le Hilltop Boutique Hotel', 'BOAT', 15.3333),
('Praslin', 'Le Hilltop Boutique Hotel', 'BUS', 15.3333),
('Praslin', 'Le Jardin des Palmes', 'WALK', 15.6667),
('Praslin', 'Le Jardin des Palmes', 'BOAT', 15.6667),
('Praslin', 'Le Jardin des Palmes', 'BUS', 15.6667),
('Praslin', 'Le Raffles Praslin Seychelles', 'WALK', 2),
('Praslin', 'Le Raffles Praslin Seychelles', 'BOAT', 2),
('Praslin', 'Le Raffles Praslin Seychelles', 'BUS', 2),
('Praslin', 'Le Savoy Resort & Spa', 'WALK', 3.66667),
('Praslin', 'Le Savoy Resort & Spa', 'BOAT', 3.66667),
('Praslin', 'Le Savoy Resort & Spa', 'BUS', 3.66667),
('Praslin', 'Morne Seychellois', 'WALK', 22.6667),
('Praslin', 'Morne Seychellois', 'BOAT', 22.6667),
('Praslin', 'Morne Seychellois', 'BUS', 22.6667),
('Praslin', 'Vallée de Mai', 'WALK', 1.66667),
('Praslin', 'Vallée de Mai', 'BOAT', 1.66667),
('Praslin', 'Vallée de Mai', 'BUS', 1.66667),
('Praslin', 'Victoria', 'WALK', 20.3333),
('Praslin', 'Victoria', 'BOAT', 20.3333),
('Praslin', 'Victoria', 'BUS', 20.3333),
('Site1', 'Hotel1', 'WALK', 10),
('Vallée de Mai', 'Anse Source d\'Argent et La Digue', 'WALK', 6.33333),
('Vallée de Mai', 'Anse Source d\'Argent et La Digue', 'BOAT', 6.33333),
('Vallée de Mai', 'Anse Source d\'Argent et La Digue', 'BUS', 6.33333),
('Vallée de Mai', 'Beau Vallon', 'WALK', 21.3333),
('Vallée de Mai', 'Beau Vallon', 'BOAT', 21.3333),
('Vallée de Mai', 'Beau Vallon', 'BUS', 21.3333),
('Vallée de Mai', 'Hotel California Seychelles', 'WALK', 25),
('Vallée de Mai', 'Hotel California Seychelles', 'BOAT', 25),
('Vallée de Mai', 'Hotel California Seychelles', 'BUS', 25),
('Vallée de Mai', 'Jardin botanique de Victoria', 'WALK', 21),
('Vallée de Mai', 'Jardin botanique de Victoria', 'BOAT', 21),
('Vallée de Mai', 'Jardin botanique de Victoria', 'BUS', 21),
('Vallée de Mai', 'Jardin du Roi', 'WALK', 24),
('Vallée de Mai', 'Jardin du Roi', 'BOAT', 24),
('Vallée de Mai', 'Jardin du Roi', 'BUS', 24),
('Vallée de Mai', 'Le Banyan Tree Seychelles', 'WALK', 18.6667),
('Vallée de Mai', 'Le Banyan Tree Seychelles', 'BOAT', 18.6667),
('Vallée de Mai', 'Le Banyan Tree Seychelles', 'BUS', 18.6667),
('Vallée de Mai', 'Le Coco de Mer Hotel', 'WALK', 18.3333),
('Vallée de Mai', 'Le Coco de Mer Hotel', 'BOAT', 18.3333),
('Vallée de Mai', 'Le Coco de Mer Hotel', 'BUS', 18.3333),
('Vallée de Mai', 'Le Constance Lemuria Resort', 'WALK', 1.33333),
('Vallée de Mai', 'Le Constance Lemuria Resort', 'BOAT', 1.33333),
('Vallée de Mai', 'Le Constance Lemuria Resort', 'BUS', 1.33333),
('Vallée de Mai', 'Le Domaine de la Réserve', 'WALK', 19.6667),
('Vallée de Mai', 'Le Domaine de la Réserve', 'BOAT', 19.6667),
('Vallée de Mai', 'Le Domaine de la Réserve', 'BUS', 19.6667),
('Vallée de Mai', 'Le Four Seasons Resort Seychelles', 'WALK', 4.66667),
('Vallée de Mai', 'Le Four Seasons Resort Seychelles', 'BOAT', 4.66667),
('Vallée de Mai', 'Le Four Seasons Resort Seychelles', 'BUS', 4.66667),
('Vallée de Mai', 'Le Hilltop Boutique Hotel', 'WALK', 17),
('Vallée de Mai', 'Le Hilltop Boutique Hotel', 'BOAT', 17),
('Vallée de Mai', 'Le Hilltop Boutique Hotel', 'BUS', 17),
('Vallée de Mai', 'Le Jardin des Palmes', 'WALK', 16),
('Vallée de Mai', 'Le Jardin des Palmes', 'BOAT', 16),
('Vallée de Mai', 'Le Jardin des Palmes', 'BUS', 16),
('Vallée de Mai', 'Le Raffles Praslin Seychelles', 'WALK', 2.33333),
('Vallée de Mai', 'Le Raffles Praslin Seychelles', 'BOAT', 2.33333),
('Vallée de Mai', 'Le Raffles Praslin Seychelles', 'BUS', 2.33333),
('Vallée de Mai', 'Le Savoy Resort & Spa', 'WALK', 2),
('Vallée de Mai', 'Le Savoy Resort & Spa', 'BOAT', 2),
('Vallée de Mai', 'Le Savoy Resort & Spa', 'BUS', 2),
('Vallée de Mai', 'Morne Seychellois', 'WALK', 23),
('Vallée de Mai', 'Morne Seychellois', 'BOAT', 23),
('Vallée de Mai', 'Morne Seychellois', 'BUS', 23),
('Vallée de Mai', 'Praslin', 'WALK', 1.66667),
('Vallée de Mai', 'Praslin', 'BOAT', 1.66667),
('Vallée de Mai', 'Praslin', 'BUS', 1.66667),
('Vallée de Mai', 'Victoria', 'WALK', 20.6667),
('Vallée de Mai', 'Victoria', 'BOAT', 20.6667),
('Vallée de Mai', 'Victoria', 'BUS', 20.6667),
('Victoria', 'Anse Source d\'Argent et La Digue', 'WALK', 22.3333),
('Victoria', 'Anse Source d\'Argent et La Digue', 'BOAT', 22.3333),
('Victoria', 'Anse Source d\'Argent et La Digue', 'BUS', 22.3333),
('Victoria', 'Beau Vallon', 'WALK', 2),
('Victoria', 'Beau Vallon', 'BOAT', 2),
('Victoria', 'Beau Vallon', 'BUS', 2),
('Victoria', 'Hotel California Seychelles', 'WALK', 7.66667),
('Victoria', 'Hotel California Seychelles', 'BOAT', 7.66667),
('Victoria', 'Hotel California Seychelles', 'BUS', 7.66667),
('Victoria', 'Jardin botanique de Victoria', 'WALK', 0.333333),
('Victoria', 'Jardin botanique de Victoria', 'BOAT', 0.333333),
('Victoria', 'Jardin botanique de Victoria', 'BUS', 0.333333),
('Victoria', 'Jardin du Roi', 'WALK', 6),
('Victoria', 'Jardin du Roi', 'BOAT', 6),
('Victoria', 'Jardin du Roi', 'BUS', 6),
('Victoria', 'Le Banyan Tree Seychelles', 'WALK', 34),
('Victoria', 'Le Banyan Tree Seychelles', 'BOAT', 34),
('Victoria', 'Le Banyan Tree Seychelles', 'BUS', 34),
('Victoria', 'Le Coco de Mer Hotel', 'WALK', 15.6667),
('Victoria', 'Le Coco de Mer Hotel', 'BOAT', 15.6667),
('Victoria', 'Le Coco de Mer Hotel', 'BUS', 15.6667),
('Victoria', 'Le Constance Lemuria Resort', 'WALK', 20.6667),
('Victoria', 'Le Constance Lemuria Resort', 'BOAT', 20.6667),
('Victoria', 'Le Constance Lemuria Resort', 'BUS', 20.6667),
('Victoria', 'Le Domaine de la Réserve', 'WALK', 1),
('Victoria', 'Le Domaine de la Réserve', 'BOAT', 1),
('Victoria', 'Le Domaine de la Réserve', 'BUS', 1),
('Victoria', 'Le Four Seasons Resort Seychelles', 'WALK', 24),
('Victoria', 'Le Four Seasons Resort Seychelles', 'BOAT', 24),
('Victoria', 'Le Four Seasons Resort Seychelles', 'BUS', 24),
('Victoria', 'Le Hilltop Boutique Hotel', 'WALK', 18.3333),
('Victoria', 'Le Hilltop Boutique Hotel', 'BOAT', 18.3333),
('Victoria', 'Le Hilltop Boutique Hotel', 'BUS', 18.3333),
('Victoria', 'Le Jardin des Palmes', 'WALK', 4.66667),
('Victoria', 'Le Jardin des Palmes', 'BOAT', 4.66667),
('Victoria', 'Le Jardin des Palmes', 'BUS', 4.66667),
('Victoria', 'Le Raffles Praslin Seychelles', 'WALK', 18.3333),
('Victoria', 'Le Raffles Praslin Seychelles', 'BOAT', 18.3333),
('Victoria', 'Le Raffles Praslin Seychelles', 'BUS', 18.3333),
('Victoria', 'Le Savoy Resort & Spa', 'WALK', 20.6667),
('Victoria', 'Le Savoy Resort & Spa', 'BOAT', 20.6667),
('Victoria', 'Le Savoy Resort & Spa', 'BUS', 20.6667),
('Victoria', 'Morne Seychellois', 'WALK', 2.33333),
('Victoria', 'Morne Seychellois', 'BOAT', 2.33333),
('Victoria', 'Morne Seychellois', 'BUS', 2.33333),
('Victoria', 'Praslin', 'WALK', 20.3333),
('Victoria', 'Praslin', 'BOAT', 20.3333),
('Victoria', 'Praslin', 'BUS', 20.3333),
('Victoria', 'Vallée de Mai', 'WALK', 20.6667),
('Victoria', 'Vallée de Mai', 'BOAT', 20.6667),
('Victoria', 'Vallée de Mai', 'BUS', 20.6667);

--
-- Contraintes pour les tables déchargées
--

--
-- Contraintes pour la table `hotel`
--
ALTER TABLE `hotel`
  ADD CONSTRAINT `hotel_ibfk_1` FOREIGN KEY (`name`) REFERENCES `place` (`name`);

--
-- Contraintes pour la table `site`
--
ALTER TABLE `site`
  ADD CONSTRAINT `site_ibfk_1` FOREIGN KEY (`name`) REFERENCES `place` (`name`);

--
-- Contraintes pour la table `transport`
--
ALTER TABLE `transport`
  ADD CONSTRAINT `transport_ibfk_1` FOREIGN KEY (`start_place`) REFERENCES `place` (`name`),
  ADD CONSTRAINT `transport_ibfk_2` FOREIGN KEY (`end_place`) REFERENCES `place` (`name`);
COMMIT;

/*!40101 SET CHARACTER_SET_CLIENT=@OLD_CHARACTER_SET_CLIENT */;
/*!40101 SET CHARACTER_SET_RESULTS=@OLD_CHARACTER_SET_RESULTS */;
/*!40101 SET COLLATION_CONNECTION=@OLD_COLLATION_CONNECTION */;
